timestamp,category,severity_score,description
2026-02-01 08:15:00,mental_health,0.82,Elevated stress indicators detected across multiple student cohorts during midterm period
2026-02-01 09:30:00,service_load,0.45,Moderate increase in helpdesk ticket volume for campus IT services
2026-02-01 10:00:00,fraud,0.91,Unusual transaction pattern detected in procurement system with multiple rapid approvals
2026-02-01 11:45:00,misinformation,0.37,Low-confidence flagged social media post about campus policy change
2026-02-02 07:20:00,mental_health,0.68,Counseling center appointment backlog growing beyond normal thresholds
2026-02-02 08:00:00,service_load,0.88,Critical server load spike detected on primary authentication service
2026-02-02 09:15:00,fraud,0.72,Duplicate vendor registration attempt flagged by identity verification module
2026-02-02 10:30:00,misinformation,0.55,Moderate-confidence report of misleading health advisory circulating on internal forum
2026-02-03 06:45:00,mental_health,0.93,Crisis-level wellness survey results from graduate research department
2026-02-03 08:30:00,service_load,0.31,Normal operating load on all monitored infrastructure endpoints
2026-02-03 09:00:00,fraud,0.85,Anomalous access pattern to financial records from unrecognized device cluster
2026-02-03 10:15:00,misinformation,0.62,Fabricated regulatory notice shared across departmental mailing lists
2026-02-04 07:00:00,mental_health,0.41,Routine wellness check-in data within expected seasonal range
2026-02-04 08:45:00,service_load,0.76,Elevated API response times on patient scheduling microservice
2026-02-04 09:30:00,fraud,0.28,Low-risk transaction flagged by automated screening with no secondary indicators
2026-02-04 11:00:00,misinformation,0.89,High-confidence detection of coordinated inauthentic posting activity
2026-02-05 06:30:00,mental_health,0.57,Moderate anxiety indicators in pre-exam survey responses
2026-02-05 07:45:00,service_load,0.92,Critical capacity threshold breached on emergency department intake system
2026-02-05 09:00:00,fraud,0.64,Suspicious refund pattern detected across multiple merchant accounts
2026-02-05 10:30:00,misinformation,0.33,Low-severity content flag on outdated procedural document
2026-02-06 08:00:00,mental_health,0.86,Significant increase in after-hours crisis line utilization
2026-02-06 09:15:00,service_load,0.49,Minor queue buildup on document processing pipeline
2026-02-06 10:00:00,fraud,0.95,Critical alert: potential synthetic identity detected in new account applications
2026-02-06 11:30:00,misinformation,0.71,Moderately misleading data visualization shared in public-facing report
2026-02-07 07:30:00,mental_health,0.34,Baseline wellness metrics within normal operating parameters
2026-02-07 08:45:00,service_load,0.83,High load on claims processing engine during end-of-month batch cycle
2026-02-07 09:30:00,fraud,0.47,Routine audit flag on international wire transfer below investigation threshold
2026-02-07 10:45:00,misinformation,0.81,High-severity deepfake content detected in submitted verification documents
2026-02-08 06:00:00,mental_health,0.74,Elevated burnout indicators among frontline healthcare staff
2026-02-08 08:15:00,service_load,0.58,Moderate resource utilization on data analytics cluster